,AL,AK,AZ,AR,CA,CO,CT,DE,FL,GA,HI,ID,IL,IN,IA,KS,KY,LA,ME,MD,MA,MI,MN,MS,MO,MT,NE,NV,NH,NJ,NM,NY,NC,ND,OH,OK,OR,PA,RI,SC,SD,TN,TX,UT,VT,VA,WA,WV,WI,WY,DC,AS,GU,MP,PR,VI
0,415.689025942438,616.4258922420787,487.96759642200243,454.2061546196841,435.56249562585873,526.6317222063984,470.252756050239,620.2556752194964,432.5787923188577,505.2784251334683,497.9767270388887,399.66223384353947,413.77626058619467,417.414974616137,466.41041239748773,415.4296344657387,505.2401191398551,381.267825383056,525.8002055393472,482.2173691898963,548.8120440607054,521.993027410783,452.8377982946765,412.02519762846566,404.56301739515055,417.95193585467774,405.715982358315,318.94207399549043,536.9235698482581,446.0114128268135,407.40646927169587,405.16910734552687,573.6375311573807,303.0276397560303,387.3755413358706,350.7801159356399,423.05426724726374,491.4970459125856,409.862783261594,492.41276182587393,438.2722926784145,412.19857162353145,415.98109108845256,397.3380904225565,344.16391107825564,488.6157938208947,522.8563044108569,412.63925787632013,460.4109031478119,378.997982095349,612.4962077353313,37.55652140365646,199.63564812979251,82.293545017361,280.9870750557061,0.0
1,426.46189755516923,651.2769908680285,511.985828190862,462.443622246958,457.5490198139349,564.93833871806,494.3650597659039,652.7151945852988,450.7759455547016,530.6364134952614,525.3528323794357,421.77589445876805,432.49703567856454,432.61915912280756,496.527460015631,436.14785159317125,529.8147192203489,387.36117049021743,563.843512624403,506.04419783066555,586.6186222300494,554.3756533598864,483.4205281516258,420.1501774530501,422.3779456975173,446.93044962262053,429.62706208769833,328.9105607023622,566.9356074225717,467.94055234534176,427.3163359195489,423.28467310826557,610.0140990949309,317.37710991555304,409.0252317127563,364.97344221426596,445.9298427550219,517.7630008005457,439.98839567184507,515.38123414128,461.6452088222968,428.92632287714076,432.137692911213,420.4351294652957,340.3625379646104,517.8222242586364,553.8714887795622,421.13339162746104,490.2320709483874,399.6733176887833,645.9645105448482,27.384964854233203,202.84069663128406,92.01369428261398,293.4652856023645,0.0
2,437.7505367162611,687.6883872315021,537.3881489691504,471.0455647300027,481.10670963516606,605.5461841931423,520.133260273175,687.0305973379022,470.05659108735153,557.4021742083437,554.4491086849351,445.13720905307713,452.51171250370794,448.8670452697502,528.4486545371085,458.1650897592963,555.6972041235006,393.60319255449906,604.388107851747,531.6972901212896,626.9158301629686,588.7586603728926,516.0696586510819,428.56469781142584,441.22289170988387,477.49291661788726,455.05135370400404,339.54927890644024,599.041875350019,491.53564013282744,448.41462773902754,442.790235753998,648.409909744894,332.526792529032,432.06532614779667,379.94260918125786,470.42503240116446,545.7609432508856,472.38741130104347,539.6153156437017,486.3540080398625,446.57418480078485,449.3209474043806,445.0308664941627,337.26914173587227,548.8964733251653,586.8228540577811,429.801196646063,521.8447940088054,421.35322187152315,681.5715827231226,17.321791730932546,206.72485045278967,103.1975723120778,307.2759551069362,0.0
3,449.56777640562893,725.6984257637606,564.216755082127,480.0196926716803,506.2882150052363,648.5270122111864,547.6112815216516,723.2590675574343,490.45310415040467,585.6172764018715,585.3196074855854,469.7815546371698,473.8624554886203,466.19255849852425,562.228672395014,481.5205931197461,582.9243784808953,399.9933938384089,647.5151663570605,559.240117870798,669.7855084754156,625.205537963506,550.8521352050082,437.2730165855486,461.1284010104138,509.68403803061943,482.03538812969947,350.87855984498594,633.3125866399706,516.8536135944116,470.73564987472787,463.7326827696644,688.8849505851118,348.49723694048606,456.5389853727795,395.70819156572674,496.5944375574453,575.5463249374101,507.13801209351107,565.1514828083841,512.435974301533,465.16805467521334,467.5630361917547,471.1726192083375,334.9201865820354,581.8978511392654,621.7712563610521,438.6394603932289,555.3036043326547,444.06204194967404,719.3865442550206,7.376296525088492,211.31808213568814,115.89887444057251,322.46811079419103,0.0
4,461.92663000951313,765.3460079741718,592.5145954883138,489.37379017989446,533.147182802252,693.9538888519486,576.8540437961096,761.4588284791994,511.99842087014576,615.3240139570275,618.019363069708,495.74489240538827,496.5922062985785,484.63024695350987,597.9231558602962,506.25428231737624,611.5336543088363,406.53118218353814,693.3073842955228,588.7373902976426,715.311047380008,663.7809467386326,587.8361481185491,446.279389887541,482.12554429675237,543.5492513613963,510.62651848687693,362.9190795910355,669.8192970417068,543.9525015575157,494.31427053275115,486.1597850781519,731.5002654900615,365.3092804683585,482.4901361328923,412.29106425754566,524.4937089960421,607.175615563678,544.319892734774,592.0268269569301,539.9289817162453,484.734253102589,486.89672146715475,498.9085663328811,333.35294898973314,616.8867579563105,658.7786615719206,447.6447806698865,590.6640005491618,467.824451706078,759.4798007150576,0.0,216.65101745357327,130.1723193393483,339.0917438802903,0.0
5,474.84029261716375,806.6705969497208,622.3253793210553,499.11571489899364,561.7382673462168,741.9012062707073,607.9174739522027,801.6891531555762,534.7260436933534,646.5654126548047,652.6044025034984,523.0637731533338,520.7446917830105,504.2152878254951,635.5887226627867,532.4067609629319,641.5630566360944,413.2158691531546,741.8489948524102,620.2550673981343,763.577403125968,704.5507305503927,627.0911455818639,455.5880712234233,504.245922419883,579.1347372154078,540.8729282311922,375.69186223613644,708.6349193912093,572.8914358655268,519.1859260672384,510.1202062511703,776.3179652995037,382.98405044987175,509.96347876815366,429.7124045503892,554.179558121772,640.7063133232681,584.0142768910347,620.2790600689864,568.8714996364679,505.2995278639675,507.35535183579213,528.2877564182204,332.6055270232167,653.924695431446,697.9081567195362,456.81356241752053,627.9824575724024,492.6654536019819,801.9230566352536,0.0,222.75494291778244,146.07365964235953,357.1978199073242,0.0
6,488.3221423200829,849.7122218697851,653.6935834641282,509.2533980377397,592.1171409285641,792.4446963382974,640.8585157000093,844.010375159824,558.67004683804,679.3852373549321,689.131755694781,551.7753427162957,546.3644319557654,524.983493718139,675.2829756576295,560.0193221440031,673.0512291529033,420.0466681626891,793.2257843295984,653.8603733706434,814.6711145156623,747.5819287009874,668.6878467313434,465.2033106504117,527.5216714402779,616.4874261208415,572.8236393199711,389.21828308597753,749.8337380140648,603.7306630236374,545.3866260862881,535.6635117572852,823.401238435095,401.54296629111576,539.0044948256948,447.9936943910083,585.7097682618167,676.1969554052142,626.3039335301338,649.9465206175614,599.3025977818716,526.8910577909221,528.9728681805545,559.3601166782832,332.7168496492226,693.0742779353916,739.2239614117543,466.1420144956804,667.316436306498,518.610380983137,846.7893289360846,0.0,229.66181332087666,163.65969262434385,376.8382891218539,0.0
7,502.38574151459204,894.5114825367865,686.6644601605896,519.7948443934351,624.3405043917489,845.6614443429602,675.7351399315853,888.4838993421604,583.8650817682314,713.827999203962,727.6594655011189,581.9173474309341,573.4967480107746,546.9713190483694,717.0645125318745,589.133954961163,706.0374398846345,427.0226925968342,847.5251083049397,689.6218101089501,868.6803195030989,792.9427882062375,712.6982547640289,475.12935392557335,551.9854677041296,655.6550053759665,606.5285204178597,403.52007186803814,793.491423203107,636.5315558995164,572.9529585773155,562.840178257332,872.8143615622845,421.00774152130197,569.6594547055104,467.15672263436267,619.143206005041,713.7071285469377,671.2731933121296,681.0681794293146,631.261951381598,549.5364566535238,551.7838095555899,592.1764618696111,333.72668610933704,734.3992439183223,782.7914393196234,475.6261464415014,708.7243933930704,545.6849002914573,894.1529604155268,0.0,237.40425931702424,182.98827091999567,398.06609690479354,0.0
8,517.0448382082849,941.1095539218305,721.2840446549764,530.7481323739835,658.4660977526116,901.6299027531962,712.6063550958975,935.1722126351983,610.3463826905167,749.9389628774675,768.2465978843733,613.5281396181513,602.1877703749644,570.2158664697149,760.9929355533288,619.7933510903576,740.5615868859043,434.1429539133129,904.8359078712701,727.6091707568296,925.6947718601768,840.7027761120919,759.1956701158267,485.3704416471177,577.6705329416438,696.6859259240982,642.0382951355366,418.61931595224735,839.6850457596221,671.3566254791615,601.9220950528427,591.7016029397611,924.6227103004072,441.4003858524158,601.9754253403773,487.2235873051554,654.5398325963741,753.297479635958,719.0079650650924,713.6836455679536,664.7898463357369,573.2637770627,575.8233191042209,626.7885032094714,335.6756553359004,777.9644673299792,828.6771097114661,485.2617652084458,752.2657910007229,573.9150132810651,944.0896333015454,0.0,246.0155950411508,204.11831329855352,420.9351942475082,0.0
9,532.3133673284045,989.5481907265286,757.5991628685098,542.121414014508,694.5527108797585,960.4299050439471,751.5322176216036,984.1388949023408,638.1497720741713,787.7641538509938,810.9532521099658,646.6466830886043,632.4844467953383,594.7548933292223,807.1288613644622,652.0409113727701,776.6642039600576,441.40635973541396,965.2487259410727,767.8935533255019,985.8058579293174,890.9325918722536,808.2547036989779,495.9308083882664,604.6106393855882,739.6294092546987,679.4045503055038,434.53846358369185,888.4930916051009,708.2695326738569,632.3317957156426,622.3001128969601,978.8927699791108,462.74320724433363,636.000277906973,508.21669786507977,691.9607153825326,795.0297263593333,769.595752329352,747.833172241963,699.9271843948472,598.1015143884244,601.1271500035191,663.2488573349478,338.6052354123816,823.8359690857635,876.9486590403949,495.044471882576,798.00110665806,603.3270592390004,996.6763828651211,0.0,255.52982576126755,227.10981548541906,445.50054827808754,0.0
10,548.2054520349719,1039.8697319594294,795.6574391082341,553.9229149927473,732.6601942162276,1022.1426795868059,792.5738423809275,1035.4486298425204,667.3116661945055,827.3503657044216,855.8405709895645,681.3125586701631,664.4345504622045,620.6268181489381,855.5339308163577,685.9207524330895,814.3864664002488,448.81171193073135,1028.8557236368242,810.5473743752257,1049.1066134499015,943.7041797745844,859.9512901999476,506.8146818232366,632.8401149118438,784.5354543334643,718.6797442933837,451.30032712818786,939.9954764572532,747.3351001848744,664.2204146439356,654.6889745465134,1035.6921464435595,485.05881397420325,671.7826955715102,530.1587774865125,731.4680393130383,838.9666678980378,823.1256699848647,783.5576627372452,736.7154883586873,624.078610693304,627.7316714350136,701.6110552998657,342.5577730818326,872.0809285903399,927.6749525840978,504.9696583828203,845.9918431290835,633.9477172109587,1051.991611095208,0.0,265.98165557177794,252.02386102789762,471.818152834418,0.0
11,564.7354050358061,1092.1171055287496,835.5073038085776,566.1609346397368,772.8494695498855,1086.850863598203,835.7934132070845,1089.1672159351024,697.8690806984482,868.7451674554918,902.970751172082,717.5659697569049,698.0866881675622,647.8707271366097,906.2708188462032,721.4777133232174,853.7701967527557,456.3577046774477,1095.7506967451363,855.6443827609212,1115.6917404561864,999.090741428394,914.3627014358715,518.0262818454524,662.3938482003289,831.4548445583159,759.9172153437337,468.92808633013476,994.2735605768022,788.6193244203271,697.6269049959403,688.9224030918095,1095.0895769027134,508.370116711507,709.3721812668048,553.0728653323326,773.1251184905976,885.1721956698842,879.6884609512246,820.8986763725793,775.196907293891,651.2244586809786,655.6738745804878,741.9295516136267,347.5764932957385,922.7676953069915,980.926046132704,515.0325041358022,896.3005383308455,665.8040082324337,1110.115100434462,0.0,277.40649512066096,278.9226322163523,499.9450390875468,0.0
12,581.9177299053862,1146.3338328502805,877.1980013079539,578.8438459477243,815.1825408348129,1154.6385171573233,881.2541934519872,1145.3615774392697,729.8596361948107,911.996910925985,952.4070534771648,755.4477478813337,733.4903085006238,676.5263807262477,959.4032443968074,758.7573621936799,894.8578706054416,464.04292251868503,1166.0290922556478,903.2596734399588,1185.6576242643969,1057.1667483060958,971.5675597736333,529.5698196787147,693.3072939171691,880.4391547439109,803.1711899620075,487.44529158297075,1051.4101635806355,832.1893874652262,732.5908242344478,725.0555720273525,1157.1549408311562,532.7003305974215,748.819065504151,576.9823188414243,816.996407776778,933.7113041232027,939.3765129645082,859.898434480167,815.4142217696308,679.5689056601216,684.9913786432708,784.2597333185772,353.70550881176257,975.9658003839015,1036.7731977326448,525.2279727368162,948.9907752970876,698.9232975637974,1171.1280275763174,0.0,289.8404693774,307.8694210459872,529.9392862099817,0.0
13,599.7671224072527,1202.5640334705322,920.7795976559811,591.9800955741871,859.7225050594905,1225.5911372762962,929.0205365929619,1204.0997754403238,763.3215638649231,957.1547381385185,1004.2138132737358,794.9993583074961,770.6957100766315,706.6342201456378,1014.995980379191,797.8060029933886,937.692622396122,471.86583840236165,1239.788024964876,953.4697013432772,1259.1023505243102,1118.0079543410905,1031.645851606452,541.4494969790561,725.6164779184039,931.5407581333375,848.4967913317321,506.8758672124633,1111.4895793213136,878.1136691078821,769.1523393714772,763.1446226836534,1221.9592709110889,558.0729773302521,790.1745142169787,601.9108160206829,863.1475144520499,984.6501015723137,1002.2838754370069,900.5998264101022,857.4108491125762,709.1422575237186,715.7224368965371,828.6579291064922,360.98982983712574,1031.7459683259533,1095.2888794795263,535.5508085831547,1004.1271921794805,733.3332969308872,1235.1129773238836,0.0,303.3204254325764,338.9286402338113,561.8600320956798,0.0
14,618.298471818607,1260.8524297060876,966.3029884576046,605.5782038435486,906.5335631639944,1299.7956720427933,979.1578968839353,1265.4510189411544,798.2937110991147,1004.2685887442508,1058.456450905685,836.2629056470892,809.7540498031606,738.2353740115018,1073.114863677086,838.6706821943126,982.3182512460792,479.8248117105137,1317.1262941645864,1006.3522953128588,1336.1257223562898,1181.691408579318,1094.6789408937982,553.6695049316498,759.3580024743571,984.8128334369931,895.9500477685885,527.2441147716119,1174.5975908359605,926.4617589186921,807.3522322323727,803.2466738158956,1289.5747640247296,584.5118872547248,833.4905366370479,627.8823577430753,911.6452099244906,1038.0558210834083,1068.5062763816868,943.0464155583563,901.2308486806533,739.9752827436562,747.9059427565198,875.1814184774344,369.47537371133456,1090.1801287236906,1156.5467893628056,545.9955334929995,1061.7754922964787,769.0620667698863,1302.1539565094909,0.0,317.8839403406536,372.1658342791417,595.7674841273006,0.0
15,637.5268622593557,1321.2443512974942,1013.8199067468469,619.6467647436571,955.6810310042245,1377.3405348188567,1031.732840055633,1329.4856760062125,834.81554715415,1053.3892074834162,1115.2014821612152,879.2811394965815,850.7173511811136,771.3716649557996,1133.8268051943935,881.399195546187,1028.7792268156356,487.9180862744139,1398.1444003934912,1061.9866720971797,1416.829277560264,1248.2954678911121,1160.7495827570744,566.2340233372109,794.5690515155441,1040.3093718986447,945.5879012065068,548.5747163492007,1240.8214853626769,977.3044683834116,847.2319047390513,845.4198312360214,1360.0747922951427,612.0412014573596,878.819993205336,654.9212700514122,962.5574414955316,1093.9968314096718,1138.1411394267534,987.282445419502,946.918927155285,772.0992163806179,781.5814358816251,923.8884409362149,379.20897464013194,1151.3414280308227,1220.6218631640195,556.5564433030098,1122.0024542212896,806.1380184779596,1372.3364079761714,0.0,333.569328993145,407.64769057591195,631.7229299903743,0.0
16,657.4675740232504,1383.7857400794246,1063.382930896938,634.1944459215943,1007.2313503679368,1458.3156185034054,1086.8130540596653,1396.2752849525154,872.9271688346448,1104.5681516753116,1174.5165287867762,924.0974600981995,893.6385126423859,806.085616277293,1197.1997999453645,926.0400948549113,1077.1206951826045,496.1437883777577,1482.9445622757949,1120.453450416043,1501.3163059068938,1317.899809732997,1229.9419371390902,579.147219692752,831.2873958987768,1098.08518439007,997.4682157239238,570.8927378901673,1310.2500694219116,1030.71384309079,888.8333842148452,889.7231974814905,1433.5339141718882,640.6853738659995,926.2166035142984,683.0522064689953,1015.9533441773946,1152.5426479699477,1211.2876008949434,1033.3528456635927,994.5204438524042,805.5457641090863,816.7891082977412,974.8382052284364,390.2383934733365,1215.3042413934184,1287.5902864042555,567.2276044421609,1184.8759419165262,844.5899166677887,1445.74722461886,0.0,350.4156520369515,445.442050572594,669.7887485374126,0.0
17,678.1360849130232,1448.5231546661607,1115.0454925618778,649.2299886730821,1061.252100035247,1542.8123098586543,1144.4673598599952,1465.8925655884982,912.669306197185,1157.8577987397744,1236.4703290470984,970.7559240202959,938.5713159208256,842.4204586232031,1263.3029371858768,972.6426947919144,1127.3884847432657,504.4999247464035,1571.6307334242329,1181.8346650824562,1589.6918665018493,1390.5854449717665,1302.341582523957,592.4132482639274,869.5513986958542,1158.1959085313092,1051.6497861015903,594.2236325283694,1382.9736839707102,1086.7631749749228,932.1993287068065,936.216881534213,1510.0278855632364,670.4691733549046,975.7349542835984,712.3001503153441,1071.9032525601197,1213.7639438781575,1288.0465269691967,1081.3032382364422,1044.0814160521795,840.3471062578276,853.569810548518,1028.0908986182117,402.6123275235435,1282.1441845318352,1357.5295063434287,578.0028504890519,1250.4649149085571,884.4468814272736,1522.474763491603,0.0,368.4627238209877,485.61792097670707,710.0284207011468,0.0
18,699.5480715784487,1515.503775152255,1168.8618846526315,664.76220793119,1117.8120068895412,1630.9235038967195,1204.765722269924,1538.411430500712,954.0833282778435,1213.3113537503245,1301.1327483306281,1019.3012498630401,985.5704344624257,880.4201366992734,1332.2064105891816,1021.2570797273265,1179.629112136916,512.9843805264132,1664.3086194232046,1246.2137811964524,1682.0628052269203,1466.434730757923,1378.0355297122803,606.0362491488798,909.4000205021587,1220.698015840545,1108.192346417514,618.593243932478,1459.0842196179647,1145.5270146096402,977.3730323296652,984.9620085740581,1589.6336710173941,701.4176858550275,1027.430507369598,742.6904170290377,1130.4787127387808,1277.7325610166104,1368.5205309277126,1131.1799434844675,1095.6485243477464,876.5359018658594,891.9650578724804,1083.7076962045326,416.3804204359325,1351.938125670846,1430.5182440346225,588.8757787091903,1318.839438504464,925.7383905844513,1602.6088599673867,0.0,387.7511203847179,528.2454850141586,752.5065404518868,0.0
19,721.7194108576167,1584.7754078291991,1224.887269345223,680.7999922498043,1176.9809570770492,1722.7436183311834,1267.7792608344794,1613.9069963902316,997.2112488421076,1270.9828570199038,1368.5747897980377,1069.7788239832576,1034.6914418677636,920.1293160068403,1403.9815284614644,1071.9341105923713,1233.889788192888,521.5949172488796,1761.085694885248,1313.675708392929,1778.5377722616868,1545.5313834609335,1457.1122356618941,620.0203473365276,950.8728247666734,1285.648818909186,1167.1565786778754,644.0278096639478,1538.675131912073,1207.0811835588931,1024.398430628676,1036.0207297795105,1672.4294549513447,733.5563164682901,1081.3596078066878,774.2486564958685,1191.7524942858709,1344.5215211622804,1452.8139904614263,1183.0299863039786,1149.2691180123902,914.1452927530001,932.0170364057531,1141.7507702762891,431.59327209800483,1424.764197527855,1506.636506424763,599.8397465684696,1390.0706940551,968.4942819769826,1686.2408419704925,0.0,408.32218748604004,573.3961137322405,797.2888258088974,0.0
20,744.6661811214307,1656.386489916863,1283.1776861239869,697.3523037849723,1238.8300072158934,1818.3686080868679,1333.5802607632108,1692.4555954586563,1042.0957321580313,1330.927191714321,1438.8686050783485,1122.2347062430185,1085.9908203713433,961.5933896100564,1478.7007240047872,1124.725431768883,1290.2184239006767,530.329170781482,1862.0712205827176,1384.30681515724,1879.2272396792287,1627.960491655009,1539.66161738622,634.3696517552765,994.0099831434202,1353.106478605997,1228.6041214831,670.5539645475029,1621.8414566949568,1271.5027867804558,1073.3201059623127,1089.4562321684907,1758.4946529225285,766.910791588569,1137.5794918813301,807.0008553836756,1255.7986022817768,1414.205037154296,1541.033065063898,1236.9011023136359,1204.9912203854137,953.2089076069199,973.7686094096398,1202.2832997093142,448.30244859786706,1500.7018093445388,1585.9655985121035,610.8878682298831,1464.2309892574967,1012.744755726108,1773.4635442601912,0.0,430.21804865815733,621.1423773536154,844.4421298958955,0.0
21,768.4046636212314,1730.3860943114787,1343.7900598559008,714.4281782719977,1303.4313956489102,1917.895979878525,1402.2421839030326,1774.1347868384642,1088.7800987930782,1393.2000915003314,1512.0875050085938,1176.715635780171,1139.5259693577257,1004.8584849301792,1556.4375656153036,1179.6834780044928,1348.6636364023018,539.184649268576,1967.3762606509435,1458.19494320924,1984.2435191189034,1713.8085291656537,1625.7750659129304,649.0882543141364,1038.8522808635028,1423.1300113080606,1292.5975787278092,698.1987440542536,1708.679825522201,1338.8702250843446,1124.183292904668,1145.3327484802694,1847.9099229513972,801.5071610258167,1196.1482952420158,840.9733394827576,1322.6922893961291,1486.858524112186,1633.285713498034,1292.8417440519938,1262.8635342770676,993.7608660841026,1017.2633235246876,1265.3694794033586,466.5604922258202,1579.8316589754124,1668.5881355503925,622.0130110277108,1541.393768502906,1058.5203765164374,1864.3713227810267,0.0,453.48161331255045,671.5580566761711,894.0344520449767,0.0
22,792.9513438400262,1806.8239343478717,1406.7822089017081,732.0367249999458,1370.8585537506049,2021.4248068444754,1473.8396797628707,1859.0233680747065,1137.3083314326173,1457.85814822346,1588.3059704200473,1233.2690368002936,1195.3552139106043,1049.9714705683823,1637.2667672318833,1236.8614813562208,1409.2747550084189,548.1587310580104,2077.1136998731117,1535.4294219392498,2093.7007795408463,1803.163368167436,1715.545460303845,664.1802289381034,1085.441122128803,1495.779296158983,1359.2005283389533,726.9895876974725,1799.288481152812,1409.263207643856,1177.0338836682233,1203.7155671032497,1940.7571768923967,837.3718001370437,1257.1250610370446,876.1927760528793,1392.5100680224696,1562.558610702205,1729.6817113449988,1350.9010871986197,1322.935447392224,1035.83578292702,1062.5454150514097,1331.0745297552717,486.4209315217007,1662.2357450276197,1754.5880553099678,633.2077919240122,1621.6336232641888,1105.852075879306,1959.0600690738693,0.0,478.1565848725667,724.7181545236309,946.134948954325,0.0
23,818.3229128462934,1885.7503685783968,1472.212853255327,750.1871267817828,1441.1861172800898,2129.055743248234,1548.4485965806857,1947.201386655363,1187.7250807229243,1524.9588196169075,1667.5996629650813,1291.9430243912343,1253.5378134009964,1096.9799631579613,1721.264198719776,1296.3134781619492,1472.1018272366657,557.2486626138594,2191.3982610284756,1616.1010829180625,2207.715065048924,1896.1142923425289,1809.0671817316395,679.6496305931236,1133.818535526749,1571.1150823552116,1428.4775310477069,756.954342440392,1893.7672931076586,1482.762764562601,1231.918433545655,1264.6710420401187,2037.1195918462777,874.5314119606849,1320.5697480916535,912.6861761757914,1465.3297224657708,1641.3831504497598,1830.3326686220435,1411.1290368191353,1385.257037772065,1079.4687720965842,1109.6598162546989,1399.464706175721,507.9382913657604,1747.9973790485694,1844.05063038565,644.4645739416604,1705.0263025305876,1154.7711544823874,2057.6272247475035,0.0,504.287468947522,780.6989072429643,1000.8139458845731,0.0
24,844.5362686516509,1967.2164055664116,1540.1416227223763,768.8886399226526,1514.4899377809386,2240.8910392399735,1626.1459924390406,2038.7501515884965,1240.0756711360114,1594.560437042704,1750.045435996993,1352.7864103595916,1314.133970107215,1145.932334243315,1808.5068963036367,1358.0943160362267,1537.195624873117,566.4515564201898,2310.3465223285775,1700.3022744649236,2326.4043127989025,1992.752010088145,1906.4361276208144,695.5004943059633,1184.0271794653383,1649.1989964583727,1500.4941391969858,788.1212661171841,1992.2177732870541,1559.4512594946239,1288.8841663719534,1328.2666029177026,2137.0816216247927,913.0130293570767,1386.5432391113393,950.4808971149992,1541.230321182693,1723.4112330993325,1935.3520474820589,1473.576233635055,1449.8790792556201,1124.6954509193558,1158.6521616963555,1470.6073086444453,531.168103117859,1837.2011977701497,1937.0624805598172,655.7754625793326,1791.6487232798654,1205.3092844228127,2160.1717960105207,0.0,531.9195815409121,839.5777962524372,1058.1429479130206,0.0
25,871.608517571376,2051.273708695874,1610.6290651275722,788.1505941827986,1590.8470940321465,2357.034555680151,1707.0101464264194,2133.7522450293495,1294.4061068584956,1666.7222132618494,1835.7213454861535,1415.8487090892,1377.2048378743068,1196.8777171882634,1899.0730730361731,1422.2596608967478,1604.607650056498,575.7643888670751,2434.0769349165666,1788.126876279773,2449.8883709799593,2093.1686677892794,2007.7497258475703,711.7368341743589,1236.1103476305145,1730.0935497370037,1575.3169055849373,820.5190308659322,2094.7430916714575,1639.4124023170255,1347.9789800054016,1394.5707650401282,2240.7290082602135,952.8440171540644,1455.107348924412,989.6046446796622,1620.292229076671,1808.723196021669,2044.8551799883326,1538.294060316965,1516.8530469589705,1171.5519442505276,1209.5687945916552,1544.570691305788,556.1669147986826,1929.933175399625,2033.711585214257,667.132302205778,1881.5789809999233,1257.4985115262139,2266.7943682674713,0.0,561.0990572991368,901.4335596357633,1118.1946512295294,0.0
26,899.5569755880005,2137.974600996132,1683.7366545565837,807.9823927396997,1670.3359035470537,2477.591779029262,1791.1205698439485,2232.291533953425,1350.7630777021218,1741.5042502396695,1924.7066609900553,1481.1801434219656,1442.8125308057363,1249.8660141128298,1993.0421293173179,1488.866004015862,1674.3901413859733,585.1839981284608,2562.7098404503367,1879.6703141397477,2578.2890168741906,2197.457863136391,2113.106948996959,728.3626423710251,1290.1119744637401,1813.862145534421,1653.0133923440533,854.1767265741465,2201.4480920724664,1722.7312618616081,1409.2514518300916,1463.6531394817985,2348.148793560949,994.0520742961382,1526.3248327522563,1030.0854755968116,1702.5971198418974,1897.4006356684645,2158.9592859661398,1605.3346478020344,1586.231122774213,1220.0748886520407,1262.4567731926918,1621.4242721021806,582.9923013164802,2026.2806359655972,2134.0872957966176,678.5266724346451,1974.8963602461563,1311.371257650117,2377.597120773692,0.0,591.8728577942175,966.3462037831706,1181.042954485853,0.0
27,928.3991697186956,2227.372069982296,1759.5267996339771,828.3935121436284,1753.0359341174378,2602.6698362909115,1878.5580174583342,2334.453181881722,1409.193965038557,1818.967546977657,2017.0818766588686,1548.8316505602402,1511.020131992672,1304.9479028579613,2090.494663446346,1557.9706690993235,1746.596080049889,594.707082024837,2696.36748875202,1975.0295746594813,2711.729974990627,2305.7146585096707,2222.6083286852295,745.3818881388164,1346.0766406613986,1900.5690866637115,1733.6521798553238,889.1238643373755,2312.4393079659994,1809.4942786936692,1472.7508442763385,1535.5844432219283,2459.429330718734,1036.6652360007868,1600.2593945170777,1071.9517998881142,1788.2279883645806,1989.5264190765251,2277.7834909302373,1674.7508816357972,1658.06620088615,1270.3014365860101,1317.363877197623,1701.2385424501194,611.7028747402504,2126.3322657132107,2238.280348336336,689.9498844759086,2071.6813452474717,1366.9603229921527,2492.68384135253,0.0,624.2887798452803,1034.3970150871828,1246.7629701878072,0.0
28,958.1528393851639,2319.5197725109547,1838.0628518295653,849.3935022731807,1839.028015412089,2732.3775100300877,1969.404498803346,2440.3236606499727,1469.746847757469,1899.17400738047,2112.9287222954786,1618.8548879918949,1581.8917022779654,1362.1748439785392,2191.5124822266125,1629.6318193933885,1821.279195980069,604.3301958734552,2835.174055538274,2074.303220112869,2850.336935282601,2418.035594410925,2336.3559699371176,762.7985167793107,1404.0495786940448,1990.2795828311891,1817.3028756977817,925.3903799293722,2427.824978381591,1899.7892779510978,1538.5271103617881,1610.4365093250644,2574.6602959554016,1080.7118759182852,1676.9756951793354,1115.2323832532288,1877.269163174029,2085.1846954164016,2401.448844091986,1746.596408338441,1732.4118933087111,1322.2692606234007,1374.3386141841884,1784.0850769538597,642.3582946173987,2230.1781255527917,2346.3828760126025,701.3929774716975,2172.01563055084,1424.2988884031115,2612.1599411724064,0.0,658.3954638756632,1105.6685716801949,1315.4310361400608,0.0
29,988.835937787442,2414.4720396518615,1919.4091138034073,870.9919862848969,1928.3942506169449,2866.8252534428934,2063.743289523675,2549.990762229924,1532.470508245267,1982.1864481511016,2212.330174453358,1691.3022394373388,1655.4922890583123,1421.5990877651443,2296.1786116024205,1703.9084648174075,1898.4939740267748,614.0497503267285,2979.25566022158,2177.5914033190957,2994.2375714338013,2534.518702954716,2454.4535656262374,780.6164486326619,1464.076678349171,2083.0597580870335,1904.036123633088,963.0066372857647,2547.7150638678204,1993.7054822334132,1606.6308992524894,1688.282297160139,2693.9327002235527,1126.22070829678,1756.5393611096335,1159.956349459631,1969.806318948451,2184.4609075899157,2530.0783364379504,1820.9256417939127,1809.3225354390406,1376.0165576680404,1433.4302260709928,1870.0365431593896,675.0192783356318,2337.9096635580813,2458.488421774947,712.8467148080248,2275.9821317129945,1483.420517705254,2736.132469590234,0.0,694.2424023101858,1180.2447552229205,1387.1247269381897,0.0
30,1020.4666332801952,2512.28388157447,2003.63084777933,893.1986605608167,2021.2180281305234,3006.125205495194,2161.658942770479,2663.543610597992,1597.4144383902708,2068.0686067203947,2315.370467583683,1766.2268208180162,1731.8879351163353,1483.2736812936441,2404.5773073497885,1780.8604691255796,1978.2956601575881,623.862009197535,3128.740383789077,2284.995882592225,3143.561559229307,2655.2635214160764,2577.006410976471,798.8395780505256,1526.2044922916104,2178.9766583025294,1993.9236126287667,1002.0034319994257,2672.221262519909,2091.3335245480803,1677.1135618431756,1769.19590266248,2817.3389009523976,1173.2207901530421,1839.0169924939075,1206.153182737829,2065.926489073723,2287.4418038749523,2663.7969188885954,1897.7937696644608,1888.8531916314341,1431.58205319603,1494.6886956045755,1959.166711348917,709.7476115308376,2449.619727517204,2574.691951013415,724.3015804083565,2383.6649960285695,1544.3591600150726,2864.7101290476903,0.0,731.8799480030366,1258.2107627426667,1461.9228655088123,0.0
31,1053.0633107529375,2613.0109924505605,2090.7942839557018,916.0232946523379,2117.5840333014976,3150.3912061180777,2263.2373006353487,2781.0726736497913,1664.6288456077268,2156.8851492047265,2422.135105225059,1843.6824862478375,1811.1456874945736,1547.2524755045838,2516.7940657979534,1860.5485570935607,2060.740267678704,633.7630872709011,3283.758286754036,2396.6200367571464,3298.4405949967077,2780.37110583271,2704.1214181187747,817.4717723615926,1590.4802416489113,2278.098258675828,2087.0380859113593,1042.411994828969,2801.4570260797254,2192.765461307582,1750.0271563574236,1853.2525686386625,2944.9726138371348,1221.7415234475704,1924.476171769693,1253.8527301832378,2165.7180782527994,2394.215449617632,2802.731520536375,1977.2567598285773,1971.059660789203,1489.0050055102577,1558.1647528693547,2051.550464375287,746.6061585393176,2565.40257753416,2695.0898642848597,735.7477750066913,2495.1496133091105,1607.1491520710156,2998.0032900378037,0.0,771.3593227112951,1339.6531185174754,1539.9055346955906,0.0
32,1086.644573013009,2716.709755371653,2180.9666289465913,939.4757312207862,2217.578260219355,3299.7388114722303,2368.5655056389846,2902.669775166813,1734.1646588903782,2248.701678396757,2532.7108712424865,1923.723834045681,1893.3336064021871,1613.5901323078965,2632.915634602793,1943.0343217349337,2145.8845834800322,643.7489481046829,3444.441427182074,2512.5688802216346,3459.008414131971,2909.944044661439,2835.9071307155023,836.5168708278674,1656.9518216144645,2380.493471264718,2183.453350060323,1084.2639952191776,2935.537576096328,2298.094785383534,1825.4244539683598,1940.5286951131538,3076.928924679554,1271.8126572651383,2012.9854720984843,1303.0852041638223,2269.2708751723967,2504.871238972914,2947.011066953438,2059.3713668429796,2055.9984819755728,1548.325210010221,1623.9098818277243,2147.263807534117,785.6588728956552,2685.3538986841036,2819.7800100838185,747.1752123978234,2610.522626699106,1671.8252205658687,3136.124006125091,0.0,812.732625597092,1424.6596860111385,1621.15408889925,0.0
33,1121.2292421717848,2823.4372472827463,2274.2160742586657,963.5658859743476,2321.288023551392,3454.2853092705222,2477.732012261437,3028.4281068301375,1806.073534879582,2343.584741787841,2647.1858411041662,2006.4062127716447,1978.520774156351,1682.342131719512,2753.0300235569202,2028.3802315422408,2233.7861743014237,653.8154018163947,3610.923878792574,2632.9490781198865,3625.4008096946964,3044.086472496121,2972.473738636421,855.9786835952422,1725.6678070741475,2486.2321525459365,2283.2442841345273,1127.5915448347323,3074.579920161711,2407.416439212723,1903.358944437877,2031.101849716285,3213.304301275902,1323.464289999691,2104.6144658674275,1353.8811847341144,2376.6760652162466,2619.4999066895493,3096.766498581991,2144.195138429272,2143.7269400433242,1609.5830034776257,1691.9763268818615,2246.383878478308,826.9708078764519,2809.5708137164643,2948.861697671132,758.5735156732857,2729.8719435354406,1738.4224844846217,3279.1860290336817,0.0,856.0528417742398,1513.319679852917,1705.7511657596228,0.0
34,1156.8363610342876,2933.2512439312786,2370.611804799404,988.3037476019731,2428.801970427089,3614.149734161361,2590.8265985169314,3158.4422402817604,1880.4078639622126,2441.601839618846,2765.6493932116186,2091.7857272833194,2066.777304160555,1753.564779024508,2877.2265154458773,2116.6496377571793,2324.5033930234076,663.9581028576391,3783.3417491339087,2757.8689615131034,3797.755651085554,3182.9040838337605,3113.933092702478,875.8609906353398,1796.6774582525834,2595.385111003702,2386.486848835071,1172.4272011054663,3218.702868209183,2520.826827959022,1983.8848417763395,2125.050778117392,3354.1966053485244,1376.726871545987,2199.4337332274554,1406.2716220551097,2488.0262432391155,2738.1935399477757,3252.130789197535,2231.786421983949,2234.3030712831196,1672.8192683763293,1762.4170994650458,2348.9889571721365,870.6081270863209,2938.1518958132533,3082.4357099529707,769.9320134297026,2853.2867462524855,1806.9764574464393,3427.304823791089,0.0,901.3738508840843,1605.7236778715087,1793.7806978904305,0.0
35,1193.4851944921666,3046.2102248308156,2470.2240074205856,1013.699377703821,2540.2100923754524,3779.4528831809616,2707.940377580268,3292.8081392328336,1957.2207763882284,2542.8214329654306,2888.192220267874,2179.919244815696,2158.174349919923,1827.3152119679676,3005.595676943679,2207.906781666,2418.0953849802772,674.1725477748001,3961.8331978361994,2887.438542659921,3976.2129027973024,3326.504146902087,3260.3987194838187,896.1675406799644,1870.0307263815196,2708.0241147442675,2493.258095703839,1218.8039707851813,3368.0270488806627,2638.4238327276935,2067.057089922312,2222.455414494162,3499.7051045255807,1431.6312054935627,2297.514870661802,1460.2878388204495,2603.415426386693,2861.0455902378694,3413.2389644547557,2322.2043711133106,2327.785669090833,1738.0754371686446,1835.285984654981,2455.1584758806207,916.6381150919618,3071.1971813960286,3220.6043164067787,781.2397359635228,2980.8575033274656,1877.5230500518996,3580.5975839369394,0.0,948.7504357173393,1701.9636331709262,1885.3279246609786,0.0
36,1231.1952309192948,3162.3733782416466,2573.1238794930923,1039.7629107183516,2655.6037373041518,3950.3173312614995,2829.165809455361,3431.623171626156,2036.5661484122206,2647.3129518547516,3014.9063406964174,2270.864401082085,2252.784114088311,1903.651407975873,3138.229369554455,2302.216801924592,2514.6220942957025,684.4540729607139,4146.538454933924,3021.769530341323,4160.914643247761,3474.995517541385,3411.985836163228,916.9020501472863,1945.7782593881714,2824.2218991382933,2603.6361763565164,1266.7553135218432,3522.6749259638227,2760.3068238360383,2152.931368441964,2323.396892051457,3649.930484370708,1488.2084513283774,2398.9304995897946,1515.9615326883518,2722.9390669722907,2988.150885292717,3580.2281204993096,2415.5089521917785,2424.234289652896,1805.3934966460467,1910.6375478169184,2564.9730292068493,965.1291880995408,3208.808182985597,3363.471286069497,792.485411439325,3112.6759802692513,1950.0985722349765,3739.1832467938702,0.0,998.2382908636291,1802.1328862600421,1980.479404025235,0.0
37,1269.9861835711872,3281.800606165468,2679.3836375168703,1066.5045538460458,2775.075621532441,4126.86744680189,2954.596712691277,3574.9861218389437,2118.4986084584193,2755.146803407902,3145.8851100999505,2364.6796063979114,2350.6798575556904,1982.6321914030073,3275.220760592162,2399.6457419088883,2614.1442702413933,694.7978523879461,4337.599839267455,3160.975345259826,4352.0050836851915,3628.488653141969,3568.8113654524273,938.0682020619737,2023.9714076059756,2944.052174490872,2717.70035175251,1316.3151454415156,3682.7708148918673,2886.5766741338693,2241.564098247213,2427.957553575642,3804.9748604556385,1546.4901266377349,2503.7542749998647,1573.3247787201412,2846.694065406393,3119.605641062643,3753.2374426673823,2511.7609509445997,2523.7092576512905,1874.815992275889,1988.5271412682023,2678.514384162256,1016.1509046782879,3351.0879021148016,3511.1419005628095,803.6574620447367,3248.83525065069,2024.7397356199112,3903.182508792209,0.0,1049.8940314059664,1906.3261772262558,2079.3230243991025,0.0
38,1309.8779919873723,3404.5525293567416,2789.076525762788,1093.9345869694575,2898.7198418713424,4309.229407309586,3084.3282761442574,3722.9972029422956,2203.073543307469,2866.394380021929,3281.2232327700235,2461.4240518267457,2451.9359085669576,2064.3172408101914,3416.6643342081416,2500.260557092105,2716.7234736190458,705.1988953346187,4535.161776954209,3305.171135491287,4549.6305871716795,3787.0956266370704,3730.9939505777506,959.6696449653122,2104.6622295061243,3067.5896337383265,2835.531001500023,1367.5178427437886,3848.44089931502,3017.335772384521,2333.0124473350616,2536.220962036413,3964.9417904841553,1606.5081093212214,2612.060894121092,1632.4100318246578,2974.7787831760343,3255.507473740998,3932.4082242567283,2611.021979054591,2626.2716719869304,1946.3860325629023,2069.0109109737796,2795.865490279037,1069.7739765287984,3498.1408422888076,3663.7229671833456,814.7440001177614,3389.4297071833107,2101.4836558830034,4072.717840868926,0.0,1103.775201647245,2014.6396579625944,2181.948016590894,0.0
39,1350.8908233969432,3530.6904923487245,2902.2768249495366,1122.0633625705,3026.6318877501662,4497.531215090336,3218.457070786772,3875.7580690016352,2290.3471043075365,2981.1280675753674,3421.0167732357854,2561.1577153470557,2556.627671879397,2148.7670962692305,3562.65590245558,2604.1291224514325,2822.422083164407,715.6520440941127,4739.370819944324,3454.473792010048,4753.939687646376,3950.9301405509104,3898.653970318213,981.7099918196203,2187.9034974488313,3194.909960173706,2957.209633194778,1420.3982453103044,4019.8132477402314,3152.6880366928917,2427.334336545845,2648.271911225177,4129.936286456448,1668.2946398059214,2723.9261051221074,1693.2501292084066,3107.2930558828502,3395.955411834448,4117.8838853733805,2713.35448079304,2731.983411521239,2020.1472934262958,2152.145803261793,2917.1104897623813,1126.0702792941734,3650.0730220005667,3821.3228320368917,825.7328242604866,3534.5550728342905,2180.367855118912,4247.913503915018,0.0,1159.9402838754986,2127.1709044364907,2288.444965770225,0.0
40,1393.045074127347,3660.27656849524,3019.059860951611,1150.9013056439785,3158.9086533935524,4691.902713015242,3357.081061562207,4033.3718274302396,2380.3762136075343,3099.4212536711434,3565.3631678625584,2663.9413680424755,2664.8316379539037,2236.0431666964964,3713.292616400072,2711.320239898826,2931.3033019748564,726.1519716740619,4950.375664635229,3609.00196426787,4965.083109059986,4120.107541107536,4071.913554105507,1004.192818904516,2273.7487034580554,3326.0898351983587,3082.8188917969183,1474.9916603254487,4197.017830233518,3292.738927993555,2524.5884453421486,2764.196436441981,4300.064826890624,1731.8823232673897,2839.4267158478287,1755.8782928325759,3244.338206327693,3541.049908284602,4309.809991858919,2818.8217396751083,2840.907140837221,2096.144022591873,2237.9895715701396,3042.3347276837962,1185.1128634200572,3806.9919877965754,3984.0513932259173,836.6114154275286,3684.3084119876557,2261.43026421237,4428.895564292271,0.0,1218.4487071667618,2244.018929014441,2398.90582349616,0.0
41,1436.3613710166337,3793.373565028255,3139.5020135431496,1180.458913607747,3295.648450046011,4892.4756003390385,3500.2996192844917,4195.943051389566,2473.218570414388,3221.3483359054385,3714.3612364918567,2769.83658031361,2776.6253921826437,2326.2077372143344,3868.6729772725566,2821.903645742005,3043.431163959629,736.6931794813751,5168.327170578897,3768.8760758455055,5183.213784596566,4294.7448323859935,4250.896597189661,1027.1216647048009,2362.2520650153165,3461.2069461012097,3212.442569043191,1531.3338659099927,4380.186535194013,3437.5954635898624,2624.8342176057076,2884.0818252199215,4475.435369080429,1797.304131855097,2958.640602584488,1820.3281318753593,3386.0170576520595,3690.8928526317854,4508.3342742889845,2927.487885138117,2953.106316019078,2174.4210439999833,2326.600783215091,3171.6247622111046,1246.9759650579795,3969.006827393389,4152.020114091819,847.366932997947,3838.788141645183,2344.709225214338,4615.791909407305,0.0,1279.3608562228555,2365.284192827523,2513.423919786456,0.0
42,1480.8605728286147,3930.0450281303283,3263.6807251727387,1210.7467562097504,3436.9510182469867,5099.383448586598,3648.2135325881286,4363.577792239756,2568.932657271023,3346.984730172642,3868.1111941308823,2878.9057281116097,2892.087624152454,2419.3239765421554,4028.8968476632335,2935.9500181705416,3158.870540313148,747.269994995269,5393.378379248915,3934.218340160386,5408.486875959123,4474.960690541389,4435.728775857082,1050.500028790952,2453.4685308753396,3600.33999386668,3346.1656128909035,1589.4611147667265,4569.453186196005,3587.366230746363,2728.131867456602,3008.016628092283,4656.157361408377,1864.5934069231519,3081.6467188621427,1886.6336452007904,3532.4339465316716,3845.5875832315455,4713.606647056081,3039.4178992455513,3068.645190450562,2255.0237622278464,2418.038826188492,3305.0683748800006,1311.7350170118875,4136.228182846755,4325.342036503495,857.9862108238752,3998.094042675727,2430.2434937230178,4808.732263351737,0.0,1342.7380802496855,2491.0686181944257,2632.0939752373274,0.0
43,1526.5637716711954,4070.355248023473,3391.6745097727926,1241.7754754316907,3582.917540149695,5312.761717497403,3800.925019919207,4536.383592032509,2667.5777463608933,3476.4068789966127,4026.7146626816007,2991.2119991946806,3011.298136943399,2515.455944413838,4194.065462758085,3053.5309847691287,3277.687146009952,757.8765694279606,5625.684532889997,4105.152776242528,5641.059792743446,4660.875478076945,4626.537562709833,1074.3313706936192,2547.4537869040505,3743.568701007981,3484.074137002166,1649.410137838956,4764.953558895467,3742.161400337335,2834.5423850894467,3136.090669402748,4842.3417557011435,1933.7838612660491,3208.5251042864074,1954.829223833885,3683.6947364231437,4005.238899515049,4925.779227519427,3154.6776234136582,3187.588820631291,2337.9981669281797,2512.3639159774875,3442.754580908099,1379.466659733574,4308.768263772205,4504.131794200873,868.455753260759,4162.327271101106,2518.0722412700748,5007.848202595666,0.0,1408.6427018679033,2621.475601081729,2755.0121131918754,0.0
44,1573.4922944183945,4214.369264072427,3523.562961603626,1273.5557853884443,3733.6506518928118,5532.747771042431,3958.537741574725,4714.469496061707,2769.213905832013,3609.6922598986143,4190.274682720225,3106.819399405546,3134.337856463536,2614.6685990262145,4364.281441619872,3174.719130060422,3399.9475463250583,768.5068753713891,5865.403093440359,4281.805224570041,5881.0922118825,4852.611258169367,4823.452242013598,1098.619108766829,2644.264261934848,3890.9738194299234,3626.2554302622393,1711.2181479815144,4966.825398006905,3902.0927405505017,2944.1275426322272,3268.395058159612,5034.101019633266,2004.9095813590977,3339.356893406275,2024.949653441488,3839.90683086257,4169.953074298604,5145.0063552404945,3273.333765163183,3310.003072013492,2423.390837282811,2609.637102414924,3584.773639543441,1450.2487523597806,4486.740860615,4688.505626190815,878.761731177104,4331.590369429131,2608.235057711067,5213.273171750775,0.0,1477.1380260661763,2756.6100236230923,2882.2758719567105,0.0
45,1621.667704134854,4362.152869904044,3659.426764127793,1306.0984722261114,3889.2544560196593,5759.480893485513,4121.156811791272,4897.946065456288,2873.902006146712,3746.9193937907417,4358.895725316984,3225.7927589719025,3261.2888408192966,2717.0278045124674,4539.648798509054,3299.5880030711605,3525.719163374293,779.154704432705,6112.693761528138,4464.3033629714655,6128.746097172527,5050.291809055918,5026.603925093375,1123.3666190474637,2743.9571336489753,4042.637138317684,3772.7979663296665,1774.9228436440562,5175.2084343449305,4067.2736306384713,3056.9499000224196,3405.0221989262036,5231.549149179513,2078.005029605032,3474.2243246123217,2097.030116819116,4001.1791868171986,4339.837866138938,5371.444611290256,3395.453904894976,3435.9546248557117,2511.248946470815,2709.920276549482,3731.2170644558432,1524.1603837958678,4670.2613579755,4878.581390192162,888.8899779438519,4505.987278028199,2700.7719536215923,5425.142499390005,0.0,1548.2883491843759,2896.5782666786035,3013.984217065376,0.0
46,1671.1118015043412,4513.7726185424335,3799.347698919819,1339.4143940139825,4049.8345339448906,5993.10230552874,4288.888810875975,5086.925389819926,2981.703726452582,3888.1678534062535,4532.683703906053,3348.197738828529,3392.2342897187054,2822.600338447892,4720.272954249424,3428.2121249294332,3655.0702826798242,789.8136648549149,6367.718495543714,4652.776722589336,6384.185718872035,5254.042638473409,5236.1255657978545,1148.5772341049037,2846.590334475215,4198.641492053163,3923.7914132292444,1840.5624125670101,5390.2444019384775,4237.819074735143,3173.072810904475,3546.0658027619475,5434.801681112529,2153.1050465836743,3613.2107490701856,2171.106196384442,4167.622328092983,4515.002531739456,5605.2528376346645,3521.1065026891106,3565.5109800964956,2601.6202661532107,2813.2761775474764,3882.1776341687587,1601.2818838444214,4859.446747983415,5074.478576133156,898.8259854036163,4685.623346543446,2795.7233626976854,5643.593413930798,0.0,1622.1589679427498,3041.488222449545,3150.237553593692,0.0
47,1721.8466262609309,4669.295827558971,3943.4086546091075,1373.51448063633,4215.497958468904,6233.755180499083,4461.841797383069,5281.5210999251885,3092.681560976936,4033.518271756098,4711.745986195548,3474.1008369615142,3527.258553916735,2931.4538993797564,4906.260747633777,3560.6669964858056,3788.0700597567647,800.4771791284471,6630.641530783049,4847.356703907312,6647.577673377851,5463.990998153771,5452.151976020839,1174.254241882753,2952.222557510715,4359.0707681600425,4079.3266429723535,1908.175535490106,5612.077055205554,4413.845715714017,3292.5604285459876,3691.620898196835,5643.975705546591,2230.244853308446,3756.4006396843142,2247.2138766764415,4339.348358789632,4695.557838399933,5846.592156593707,3650.3609051293265,3698.7404652459327,2694.553170971946,2919.7683996157257,4037.7494025293204,1681.6948343790277,5054.415643720962,5276.318319703115,908.5548998174503,4870.605345356668,2893.1301441607834,5868.7650595744535,0.0,1698.8161884991505,3191.4493071359975,3291.1377385184064,0.0
48,1773.8944586234884,4828.790584238254,4091.6936358554467,1408.4097336772743,4386.353306343478,6481.584660616735,4640.125320341005,5481.848380451471,3206.898825445194,4183.052350619548,4896.1914061258185,3603.5693947747773,3666.447144687788,3043.657114389522,5097.720446875338,3697.0291059640194,3924.7885267242254,811.1384815864764,6901.6293986725095,5048.176592844134,6919.0909029842915,5680.265898377831,5674.819841284603,1200.4008845342782,3060.9132624645717,4524.0099152743305,4239.495741218265,1977.801389873387,5840.8521862025,4595.4718491105405,3415.4777117749354,3841.783842254209,5859.189878532228,2309.4600534873025,3903.8796000981492,2325.389546860935,4516.470976814335,4881.616076513232,6095.62599038451,3783.2873521497045,3835.712240296848,2790.0966430649232,3029.4613989535255,4198.027709218434,1765.4820805634513,5255.28829270632,5484.223415951373,918.0615177969461,5061.041477092233,2993.0335851687455,6100.798512318118,0.0,1778.327335549221,3346.5724736456687,3436.7880931293953,0.0
49,1827.2778207336105,4992.325750759083,4244.287772360252,1444.1112263058808,4562.5106708825815,6736.73787330816,4823.850431522853,5688.02398277182,3324.4196635215008,4336.852869065917,5086.130275871522,3736.671603478359,3809.8867433421847,3159.279546680564,5294.761761097024,3837.375936637768,4065.296598937961,821.7906159883747,7180.850946060283,5255.371576903682,7198.896715713581,5902.998122577053,5904.267736378191,1227.0203572492924,3172.7226816202165,4693.54495114431,4404.39201696979,2049.479653630503,6076.717641935181,4782.817437091474,3541.890430935254,3996.6523315125496,6080.564434692993,2390.7866357881576,4055.73437372423,2405.6700032417443,4699.105487443447,5073.291072116504,6352.520080732434,3919.9569839073615,3976.4963036537183,2888.300276595687,3142.420500728954,4363.109190301847,1852.7277421124886,5462.18659041713,5698.318332940934,927.3302822089767,5257.0413881579125,3095.47540323003,6339.836796014749,0.0,1860.7607614617382,3506.9702243497522,3587.293415484474,0.0
